Southampton,Nany,baby,text,,,,,,,
Southampton,Nany,baby,text,,,,,,,
Southampton,Nany,baby,text,,,,,,,
Southampton,Nany,baby,text,,,,,,,
Southampton,Nany,baby,text,,,,,,,
Southampton,Nany,baby,text,,,,,,Southampton,Southampton
Southampton,Nany,baby,text,,,,,,Nany,Nany
Southampton,Nany,baby,text,,,,,,baby,baby
Southampton,Nany,baby,text,,,,,,text,text
Southampton,Nany,baby,text,,,,,,,
Southampton,Nany,baby,text,,,,,,,
Southampton,Nany,baby,text,,,,,,,
Southampton,Nany,baby,text,,,,,,,
Southampton,Nany,baby,text,,,,,,,
